Height (cm),Weight (kg),Pre-treatment NT-proBNP (pg/mL),Week 4 NT-proBNP (pg/mL),Week 8 NT-proBNP (pg/mL),Pre-treatment BNP (pg/mL),Left ventricular ejection fraction (%),BMI (kg/m^2)
180.8273542600897,79.00448430493273,6205.647865470852,4635.618966367712,3462.80735426009,1530.8978542600896,31.086405829596412,24.817568182330398
17.18607394675792,23.475829838099305,765.0032795401803,571.4574431285945,426.8787173824919,165.42696716740494,3.9188259040678126,8.928900002116784
181.0,79.0,6038.311,4510.618,3369.432,1504.819,30.5105,23.565660747249378
